name,abbrv,formula,state,ref1,ref2,date,G,H,S,Cp,V,a1.a,a2.b,a3.c,a4.d,c1.e,c2.f,omega.lambda,z.T
Fe(OH)4-,NA,Fe(OH)4-,aq,DSM+99,NA,31.Oct.08,-201966,-251145,17.71,25.26,56.86,9.9287,16.4724,-0.7257,-3.46,89.7885,-27.1819,1.0185,-1
Ga(OH)4-,NA,Ga(OH)4-,aq,DPB+97,NA,25.Aug.06,-244130,-289848,32.55,26.29,49.6,8.2456,16.0979,-0.5785,-3.4445,37.7982,-1.033,1.0213,-1
Ga+3,NA,Ga+3,aq,BDP+97,NA,25.Aug.06,-38740,NA,-48.05,-24.14,-41,-2.815,-14.654,11.51,-2.173,16.904,-7.952,2.728,3
GaOH+2,NA,GaOH+2,aq,BDP+97,NA,25.Aug.06,-91550,NA,-30.28,1.67,-14.35,0.124,-7.479,8.689,-2.469,14.931,-2.694,0.853,2
Ga(OH)2+,NA,Ga(OH)2+,aq,BDP+97,NA,25.Aug.06,-142180,NA,12.02,18.68,9.64,3.063,-0.302,5.869,-2.766,16.602,0.77,-0.056,1
Ga(OH)3,NA,Ga(OH)3,aq,BDP+97,NA,25.Aug.06,-192510,NA,31.7,26.88,30.96,6.002,6.874,3.048,-3.063,21.919,2.441,0,0
Ge(OH)4,NA,Ge(OH)4,aq,PS98,PRH+05,13.Sep.07,-231200,-267000,47.83,50,54.9,9.29,14.9,-0.11,-3.4,60,-4.5,0.09,0
GeO(OH)3-,NA,GeO(OH)3-,aq,PS98,NA,25.Aug.06,-218500,-260500,27.14,18,27.14,5.96,6.77,3.09,-3.06,27.66,0.63,1.2,-1
NaSO4-,NA,NaSO4-,aq,PSS95,NA,25.Aug.06,-241780,-275480,20.44,5,18.2,4.75,3.83,4.25,-2.73,21.05,-2.02,1.31,-1
As(OH)3,NA,H3AsO3,aq,PPB+08,PGS+96,15.Aug.08,-152916,-176219,50.76,20.32,47.5,10.8,3.85,10.44,-4.3,44.5,-11.4,0.12,0
H3AsO4,NA,AsO(OH)3,aq,PPB+08,NA,15.Aug.08,-183150,-214771,47.39,25.1,53,11.5,2.8,13,-3.01,47.49,-10.06,0.24,0
Al+3,NA,Al+3,aq,TS01,NA,25.Aug.06,-116510,NA,-81.203,-28.56,-45.3,-3.3984,-16.0789,12.0699,-2.1143,14.4295,-8.8523,2.7403,3
Al(OH)4-,NA,Al(OH)4-,aq,TS01,NA,25.Aug.06,-312087,NA,24.748,23.06,46.3,8.4938,12.9576,0.657,-3.3147,55.7265,-11.4047,1.0403,-1
AlOH+2,NA,AlOH+2,aq,TS01,NA,25.Aug.06,-166425,NA,-43.29,-8.97,-20.6,-0.4532,-8.8878,9.2434,-2.4116,15.4131,-4.8618,1.5897,2
Al(OH)2+,NA,Al(OH)2+,aq,TS01,NA,25.Aug.06,-214987,NA,-6.584,9.76,3.86,2.4944,-1.6909,6.4146,-2.7091,16.7439,-1.0465,0.5324,1
Al(OH)3,NA,Al(OH)3,aq,TS01,NA,25.Aug.06,-263321,NA,14.185,23.65,27.02,5.4624,5.556,3.5662,-3.0087,20.027,1.7829,0,0
AlF+2,NA,AlF+2,aq,TS01,NA,25.Aug.06,-193374,NA,-52.413,-3.41,-17.74,0.0486,-7.6626,8.7618,-2.4622,21.3382,-3.7292,1.882,2
AlF2+,NA,AlF2+,aq,TS01,NA,25.Aug.06,-268382,NA,-29.84,20.88,9.58,3.4523,0.648,5.4953,-2.8058,27.4906,1.2187,0.996,1
AlF3,NA,AlF3,aq,TS01,NA,25.Aug.06,-341248,NA,-14.45,40.33,35.6,6.6365,8.4227,2.4395,-3.1272,29.8025,5.1806,0,0
AlF4-,NA,AlF4-,aq,TS01,NA,25.Aug.06,-411835,NA,-6.691,45.3,57.74,10.3172,17.4096,-1.0929,-3.4987,48.4334,6.193,1.7229,-1
Al(OH)2F2-,NA,Al(OH)2F2-,aq,TS01,NA,25.Aug.06,-361765,NA,45.062,34.18,52.02,9.3237,14.9838,-0.1394,-3.3984,1.8352,21.1478,1.1651,-1
Al(OH)2F,NA,Al(OH)2F,aq,TS01,NA,25.Aug.06,-291441,NA,25.181,19.55,21.52,4.7098,3.7184,4.2885,-2.9327,17.6241,0.9477,0,0
AlOHF2,NA,AlOHF2,aq,TS01,NA,25.Aug.06,-308085,NA,42.004,15.45,16.02,3.9572,1.8807,5.0108,-2.8567,15.2213,0.1126,0,0
AlSO4+,NA,AlSO4+,aq,TS01,NA,25.Aug.06,-298759,NA,-46.724,106.7,-6.17,1.833,-3.3057,7.0494,-2.6423,90.7261,18.7002,2.4143,1
NaAl(OH)3F,NA,NaAl(OH)3F,aq,TS01,NA,25.Aug.06,-398892,NA,71.594,28.2,48,8.3333,12.5657,0.811,-3.2985,22.6935,2.7097,0,0
NaAl(OH)2F2,NA,NaAl(OH)2F2,aq,TS01,NA,25.Aug.06,-403511,NA,128.933,24.2,42.4,7.567,10.6947,1.5464,-3.2211,20.3493,1.8949,0,0
NaAl(OH)4,NA,NaAl(OH)4,aq,DPS+96,NA,25.Aug.06,-374611,-413601,48.8,32.2,53.6,9.1267,14.3411,0.1121,-3.3719,60.7157,-14.0523,0,0
AlH3SiO4+2,NA,AlH3SiO4+2,aq,TS01,NA,25.Aug.06,-425860,NA,13.57,-71.9,-13.93,0.16,-7.23,8.61,-2.48,37.07,-49.66,0.88,2
Sb(OH)3,NA,Sb(OH)3,aq,ZSA03,NA,28.Aug.06,-154010,NA,43.26,66.4,54,9.1718,14.613,0.0064,-3.3831,45.5017,10.4911,0.0461,0
HCl,NA,HCl,aq,TZA97,NA,20.Oct.06,-30411,-42890,0.42,35.74,16.38,16.1573,-11.4311,-46.1866,-2.3036,46.4716,-5.2811,0,0
CaOH+,NA,CaOH+,aq,AZ99,NA,20.Oct.06,-171490,NA,-5.346,15.59,-29.4,-2.2875,-13.3704,11.0053,-2.2263,14.5527,0.1431,-0.082,1
CaHCO3+,NA,CaHCO3+,aq,AZ99,NA,20.Oct.06,-273720,NA,8.003,67.408,4.764,2.448,-1.826,6.468,-2.7035,55.5203,6.1746,0.0723,1
AgCl2-,NA,AgCl2-,aq,AZ01,NA,20.Oct.06,-51350,-60093,49.78,-16.6,37.1,7.1327,9.8065,1.8947,-3.1844,4.8953,-6.7789,0.6667,-1
Ag(HS)2-,NA,Ag(HS)2-,aq,AZ01,NA,20.Oct.06,287,-6636,49,3.348,42.82,7.8651,11.4225,1.2604,-3.2512,13.9576,-2.3624,0.6367,-1
Ag(OH)2-,NA,Ag(OH)2-,aq,AZ01,NA,20.Oct.06,-61901,-88893,15.518,-23.3,-6.84,1.2839,-4.6464,7.5763,-2.5869,3.495,-7.7808,1.2039,-1
AgCl,NA,AgCl,aq,AZ01,NA,20.Oct.06,-17399,-18810,32.067,-5.33,21.63,4.275,3.7555,4.2739,-2.9343,3.0441,-4.1199,0,0
AgHS,NA,AgHS,aq,AZ01,NA,20.Oct.06,2791,4769,36.221,1.806,24.449,5.1106,4.697,3.9039,-2.9732,7.225,-2.6667,0,0
AgOH,NA,AgOH,aq,AZ01,NA,20.Oct.06,-22019,-31173,19.6,-6.42,0.365,1.8149,-3.3498,7.0667,-2.6405,2.4041,-4.3424,0,0
Cu+,NA,Cu+,aq,AZ01,NA,20.Oct.06,11940,19220,16.726,3.465,-3.542,1.4159,-4.3243,7.4497,-2.6002,11.4699,-2.3288,1,0.3587
CuCl2-,NA,CuCl2-,aq,AZ01,NA,20.Oct.06,-57610,-63330,57.669,-20.907,34.754,6.8266,8.8868,2.257,-3.1464,1.2891,-7.2932,0.8094,-1
Cu(HS)2-,NA,Cu(HS)2-,aq,AZ01,NA,20.Oct.06,-5942,-9825,56.997,-1.152,40.078,7.5438,10.638,1.5687,3.2188,12.6022,-3.2693,0.7794,-1
Cu(OH)2-,NA,Cu(OH)2-,aq,AZ01,NA,20.Oct.06,-77870,-106032,9.346,-32.486,-9.582,0.9626,-5.4309,7.8846,-2.5545,-0.5862,-9.652,1.3466,-1
CuCl,NA,CuCl,aq,AZ01,NA,20.Oct.06,-24594,-25824,30.455,-8.483,19.285,4.404,2.9716,4.582,-2.9018,1.195,-4.7626,0,0
CuHS,NA,CuHS,aq,AZ01,NA,20.Oct.06,-3401,883,45.557,-8.726,22.103,4.7896,3.9132,4.2119,-2.9408,5.3754,-3.3096,0,0
CuOH,NA,CuOH,aq,AZ01,NA,20.Oct.06,-31093,-38208,24.191,-11.378,-1.981,1.4939,-4.1337,7.3748,-2.6081,58.5587,-34.416,0,0
Au+,NA,Au+,aq,AZ01,NA,20.Oct.06,39000,45182,16.502,0.583,31.413,6.1161,7.152,2.9389,-3.0747,7.7764,-2.9158,0.139,1
AuCl2-,NA,AuCl2-,aq,AZ01,NA,20.Oct.06,-36795,-46664,47.161,-26.4,68.556,11.4774,20.2425,-2.2063,-3.6158,27.0677,-22.44,0.8623,-1
Au(HS)2-,NA,Au(HS)2-,aq,AZ01,NA,20.Oct.06,1829,-2569,58.63,-6.581,75.1,12.3562,22.3882,-3.0497,-3.7045,3.2978,-1.1247,0.8323,-1
Au(OH)2-,NA,Au(OH)2-,aq,AZ01,NA,20.Oct.06,-66553,-94664,12.899,-33.1,24.616,5.4533,5.5338,3.5749,-3.0078,-5.5091,-9.7771,0.8465,-1
AuCl,NA,AuCl,aq,AZ01,NA,20.Oct.06,-3184,-2077,41.727,-15.128,53.087,9.0294,14.2654,0.143,-3.3687,-2.6993,-6.1162,0,0
AuHS,NA,AuHS,aq,AZ01,NA,20.Oct.06,6434,9122,43.592,-6.212,56.448,9.4893,15.3883,-0.2984,-3.4152,-17.544,5.5766,0,0
AuOH,NA,AuOH,aq,AZ01,NA,20.Oct.06,-32716,-41533,21.89,-11.091,32.364,6.1937,7.3415,2.8644,-3.0825,-3.037,-3.9635,0,0
B(OH)3,NA,B(OH)3,aq,AVZP06,NA,20.Oct.06,-231540,-256292,38.79,25.5,39.43,10.5116,3.4435,-8.7834,-2.0767,38.798,-6.3554,0.047,0
B(OH)4-,NA,B(OH)4-,aq,AVZP06,NA,20.Oct.06,-275610,-321245,24.5,-1,24.83,11.4834,-3.1293,-12.8279,-2.6483,57.3099,-21.4432,1.6151,-1
B2O(OH)5-,NA,B2O(OH)5-,aq,AVZP06,NA,20.Oct.06,-449836,-505629,56.489,14.54,48.66,8.7139,13.4949,0.4458,-3.3369,21.6962,-0.0073,0.7681,-1
B3O3(OH)4-,NA,B3O3(OH)4-,aq,AVZP06,NA,20.Oct.06,-571297,-634049,43.459,41.57,51.53,9.1801,14.6334,-0.0017,-3.3839,39.3171,5.4316,0.9634,-1
B4O5(OH)4-2,NA,B4O5(OH)4-2,aq,AVZP06,NA,20.Oct.06,-734224,-822512,23.868,1.68,39.38,8.2421,12.343,0.8986,-3.2893,33.4423,-2.692,2.8816,-2
NaB(OH)4,NA,NaB(OH)4,aq,AVZP06,PSS95,20.Oct.06,-338545,-378857,39.034,71.99,32.11,12.6964,-9.7473,0.1952,-2.376,48.3573,11.6304,0,0
B(OH)3Cl-,NA,B(OH)3Cl-,aq,AVZP06,NA,20.Oct.06,-261682,-294503,54.002,6.87,48.18,8.6779,13.4071,0.4803,-3.3332,0.2482,7.0568,0.846,-1
AgCl3-2,NA,AgCl3-2,aq,AVZP06,NA,20.Oct.06,-82640,-105067,46.159,-7.91,86.06,14.504,27.6363,-5.1192,-3.9214,24.7396,-4.6459,2.544,-2
Eu(Ac)+2,NA,EuCH3COO+2,aq,ZKO06,NA,12.Sep.07,-229579,NA,-13.97,50.1,11.78,3.8683,1.6633,5.0962,-2.8478,47.3933,7.173,1.2998,2
Eu(Ac)2+,NA,Eu(CH3COO)2+,aq,ZKO06,NA,12.Sep.07,-320303,NA,18.26,151.1,67.15,11.0548,19.2109,-1.8009,-3.5732,97.1602,27.7439,0.2676,1
Eu(Ac)3,NA,Eu(CH3COO)3,aq,ZKO06,NA,12.Sep.07,-409817,NA,50.6,235.5,119.6,18.1311,36.4884,-8.5918,-4.2874,144.1841,44.9368,0,0
Y(Ac)+2,NA,YCH3COO+2,aq,TZS+07,NA,12.Sep.07,-255167,NA,-15.96,67,21.4,5.1976,4.9093,3.8204,-2.982,57.5855,10.6202,1.3299,2
Y(Ac)2+,NA,Y(CH3COO)2+,aq,TZS+07,NA,12.Sep.07,-345608,NA,23.67,122.4,76.3,12.2689,22.1747,-2.9658,-3.6957,79.5978,21.8995,0.1856,1
Y(Ac)3,NA,Y(CH3COO)3,aq,TZS+07,NA,12.Sep.07,-434930,NA,56.28,189.1,129.8,19.5214,39.883,-9.9261,-4.4278,116.9651,35.4761,0,0
NaH2AsO4,NA,NaH2AsO4,aq,MA07,MA10,12.Sep.07,-240179,-272608,41.2,37.8,41.1,7.3772,10.2352,1.1421,-3.2022,27.9202,4.6622,-0.038,0
KH2AsO4,NA,KH2AsO4,aq,MA07,MA10,12.Sep.07,-244935,-274352,54.5,21.9,52.4,8.9277,14.0226,-0.484,-3.3587,18.6125,1.4173,-0.038,0
MgH2AsO4+,NA,MgH2AsO4+,aq,MA07,MA10,12.Sep.07,-290910,-332717,-10.4,50.7,18.3,4.5105,3.2335,4.1483,-2.9127,42.265,7.2899,0.7009,1
CaH2AsO4+,NA,CaH2AsO4+,aq,MA07,MA10,12.Sep.07,-314170,-348007,18.5,45.8,22.2,4.8949,4.1724,3.7452,-2.9515,35.3597,6.2862,0.2639,1
SrH2AsO4+,NA,SrH2AsO4+,aq,MA07,MA10,12.Sep.07,-315896,-347841,27.3,40.1,22.9,4.9488,4.3041,3.6887,-2.957,30.8142,5.1312,0.1301,1
MnH2AsO4+,NA,MnH2AsO4+,aq,MA07,MA10,12.Sep.07,-236482,-270828,14.5,53.5,23.3,5.0617,4.5799,3.5702,-2.9684,40.4264,7.8583,0.3244,1
FeH2AsO4+,NA,FeH2AsO4+,aq,MA07,MA10,12.Sep.07,-205693,-243719,1,44.9,17.6,4.3531,2.849,4.3134,-2.8968,37.3097,6.1166,0.5283,1
CoH2AsO4+,NA,CoH2AsO4+,aq,MA07,MA10,12.Sep.07,-193388,-232357,-1.5,45.2,13.9,3.8628,1.6516,4.8275,-2.8473,37.7921,6.1625,0.5664,1
NiH2AsO4+,NA,NiH2AsO4+,aq,MA07,MA10,12.Sep.07,-193146,-233785,-7.1,36.4,10,3.358,0.4185,5.3569,-2.7963,33.4496,4.375,0.6516,1
CuH2AsO4+,NA,CuH2AsO4+,aq,MA07,MA10,12.Sep.07,-166866,-204382,4.1,49.9,14.9,3.9712,1.9164,4.7138,-2.8583,39.7683,7.1249,0.4813,1
ZnH2AsO4+,NA,ZnH2AsO4+,aq,MA07,MA10,12.Sep.07,-215927,-255372,-0.3,50.7,15.3,4.0397,2.0836,4.642,-2.8652,40.8741,7.2945,0.5485,1
PbH2AsO4+,NA,PbH2AsO4+,aq,MA07,MA10,12.Sep.07,-187896,-215577,44.7,34.1,25,5.1359,4.7611,3.4924,-2.9759,24.9084,3.9167,-0.1328,1
AlH2AsO4+2,NA,AlH2AsO4+2,aq,MA07,MA10,12.Sep.07,-299978,-350717,-57,34.9,-7.1,1.4491,-4.244,7.3587,-2.6036,44.5413,4.0694,1.9508,2
FeH2AsO4+2,NA,FeH2AsO4+2,aq,MA07,MA10,12.Sep.07,-189949,-235535,-39.9,66.2,1.1,2.4901,-1.7013,6.267,-2.7087,60.4374,10.4402,1.6927,2
NaHAsO4-,NA,NaHAsO4-,aq,MA07,MA10,12.Sep.07,-234025,-272938,19.4,11,16.4,4.464,3.12,4.197,-2.908,24.8601,-0.79,1.3274,-1
KHAsO4-,NA,KHAsO4-,aq,MA07,MA10,12.Sep.07,-238754,-275247,30.7,3.9,26.1,5.7282,6.2078,2.8713,-3.0357,19.1455,-2.2322,1.1561,-1
MgHAsO4,NA,MgHAsO4,aq,MA07,MA10,12.Sep.07,-282655,-326456,-17.1,-3.4,-0.5,1.6885,-3.6591,7.1076,-2.6278,3.8675,-3.7233,-0.038,0
CaHAsO4,NA,CaHAsO4,aq,MA07,MA10,12.Sep.07,-306038,-344341,3.5,-5.6,2,2.0228,-2.8426,6.757,-2.6615,2.5879,-4.1694,-0.038,0
SrHAsO4,NA,SrHAsO4,aq,MA07,MA10,12.Sep.07,-307750,-344917,9.8,-8.1,2.4,2.0851,-2.6905,6.6917,-2.6678,1.1155,-4.6827,-0.038,0
MnHAsO4,NA,MnHAsO4,aq,MA07,MA10,12.Sep.07,-229564,-268033,0.7,-2.1,2.7,2.1148,-2.618,6.6606,-2.6708,4.592,-3.4707,-0.038,0
FeHAsO4,NA,FeHAsO4,aq,MA07,MA10,12.Sep.07,-196961,-237958,-8.9,-5.9,-0.9,1.6263,-3.8112,7.1729,-2.6215,2.3717,-4.2448,-0.038,0
CoHAsO4,NA,CoHAsO4,aq,MA07,MA10,12.Sep.07,-187516,-229240,-10.7,-5.8,-3.2,1.3102,-4.5832,7.5044,-2.5896,2.4302,-4.2244,-0.038,0
NiHAsO4,NA,NiHAsO4,aq,MA07,MA10,12.Sep.07,-185083,-227995,-14.7,-9.7,-5.7,0.9749,-5.4021,7.8559,-2.5557,0.1514,-5.0188,-0.038,0
CuHAsO4,NA,CuHAsO4,aq,MA07,MA10,12.Sep.07,-160044,-200797,-6.7,-3.7,-2.6,1.3964,-4.3727,7.414,-2.5983,3.6572,-3.7966,-0.038,0
ZnHAsO4,NA,ZnHAsO4,aq,MA07,MA10,12.Sep.07,-209827,-252128,-9.9,-3.4,-2.4,1.4251,-4.3025,7.3838,-2.6012,3.8733,-3.7213,-0.038,0
PbHAsO4,NA,PbHAsO4,aq,MA07,MA10,12.Sep.07,-180119,-214509,22.2,-10.7,3.7,2.2585,-2.267,6.5099,-2.6853,-0.4328,-5.2225,-0.038,0
AlHAsO4+,NA,AlHAsO4+,aq,MA07,MA10,12.Sep.07,-295884,-343378,-46.1,-37.3,-8.2,1.0572,-5.2011,7.7697,-2.564,-4.1613,-10.6336,1.242,1
FeHAsO4+,NA,FeHAsO4+,aq,MA07,MA10,12.Sep.07,-188188,-232211,-34.7,-23.4,-4.9,1.4545,-4.2306,7.353,-2.6042,2.37,-7.8022,1.0694,1
NaAsO4-2,NA,NaAsO4-2,aq,MA07,MA10,12.Sep.07,-223700,-253943,48.5,-38.4,-17,0.2824,-7.0935,8.5822,-2.4858,6.8433,-10.8648,2.5085,-2
KAsO4-2,NA,KAsO4-2,aq,MA07,MA10,12.Sep.07,-228428,-249049,84,-45.5,-9.64,1.1121,-5.0669,7.712,-2.5696,-2.2416,-12.307,1.9714,-2
MgAsO4-,NA,MgAsO4-,aq,MA07,MA10,12.Sep.07,-271474,-307316,9.64,-55,-25.98,-1.3284,-11.0278,10.2713,-2.3232,-12.33,-14.2311,1.3662,-1
CaAsO4-,NA,CaAsO4-,aq,MA07,MA10,12.Sep.07,-294913,-323114,37.4,-57.2,-25.5,-1.3685,-11.1259,10.3134,-2.3191,-17.4821,-14.6772,1.0531,-1
SrAsO4-,NA,SrAsO4-,aq,MA07,MA10,12.Sep.07,-296243,-323239,43.9,-59.7,-25.41,-1.3889,-11.1758,10.3349,-2.317,-19.8655,-15.1905,0.9562,-1
MnAsO4-,NA,MnAsO4-,aq,MA07,MA10,12.Sep.07,-218289,-247805,30.7,-53.7,-25.37,-1.2541,-10.8464,10.1934,-2.3307,-14.5434,-13.9785,1.339,-1
FeAsO4-,NA,FeAsO4-,aq,MA07,MA10,12.Sep.07,-186668,-218541,21.7,-57.5,-26.07,-1.3653,-11.1181,10.3101,-2.3194,-15.504,-14.7525,1.2932,-1
CoAsO4-,NA,CoAsO4-,aq,MA07,MA10,12.Sep.07,-177190,-210481,17.6,-57.4,-26.53,-1.4073,-11.2205,10.3541,-2.3152,-14.8722,-14.7322,1.3555,-1
NiAsO4-,NA,NiAsO4-,aq,MA07,MA10,12.Sep.07,-176304,-211320,11.8,-61.3,-27.01,-1.4432,-11.3083,10.3918,-2.3116,-16.3404,-15.5266,1.4434,-1
CuAsO4-,NA,CuAsO4-,aq,MA07,MA10,12.Sep.07,-151743,-183607,23.1,-55.3,-26.4,-1.4178,-11.2463,10.3651,-2.3141,-14.418,-14.3044,1.2716,-1
ZnAsO4-,NA,ZnAsO4-,aq,MA07,MA10,12.Sep.07,-200121,-233853,18.9,-55,-26.36,-1.3907,-11.1799,10.3366,-2.3169,-13.6104,-14.229,1.3358,-1
PbAsO4-,NA,PbAsO4-,aq,MA07,MA10,12.Sep.07,-169793,-194437,54.9,-62.3,-25.16,-1.4108,-11.2291,10.3577,-2.3148,-22.9414,-15.7303,0.7904,-1
AlAsO4,NA,AlAsO4,aq,MA07,MA10,12.Sep.07,-285558,-330011,-35.9,-60.2,-9.75,0.418,-6.7624,8.44,-2.4995,-29.3427,-15.3014,-0.038,0
FeAsO4,NA,FeAsO4,aq,MA07,MA10,12.Sep.07,-177862,-218546,-23.5,-84.8,-13.09,-0.0391,-7.8787,8.9193,-2.4533,-43.7161,-20.3124,-0.038,0
NaH2AsO3,NA,NaH2AsO3,aq,MA07,MA10,12.Sep.07,-203270,-228832,39.7,28.4,32.7,6.2236,7.4178,2.3518,-3.0857,22.4338,2.7495,-0.038,0
AgH2AsO3,NA,AgH2AsO3,aq,MA07,MA10,12.Sep.07,-123526,-147071,44.3,25.8,33,6.2709,7.5332,2.3022,-3.0905,20.9088,2.2178,-0.038,0
MgH2AsO3+,NA,MgH2AsO3+,aq,MA07,MA10,12.Sep.07,-251410,-286183,-11.3,41.3,9.9,3.3617,0.4276,5.353,-2.7967,36.9078,5.3772,0.7149,1
CaH2AsO3+,NA,CaH2AsO3+,aq,MA07,MA10,12.Sep.07,-274922,-301872,17.1,36.4,13.8,3.7486,1.3726,4.9473,-2.8358,30.0706,4.3735,0.2853,1
SrH2AsO3+,NA,SrH2AsO3+,aq,MA07,MA10,12.Sep.07,-275601,-300702,25.8,30.7,14.5,3.8032,1.506,4.89,-2.8413,25.5459,3.2185,0.1538,1
BaH2AsO3+,NA,BaH2AsO3+,aq,MA07,MA10,12.Sep.07,-276315,-297936,40.1,25.6,19.9,4.4634,3.1185,4.1977,-2.908,20.5926,2.1872,-0.0628,1
CuH2AsO3+,NA,CuH2AsO3+,aq,MA07,MA10,12.Sep.07,-134368,-164924,3,40.5,6.5,2.8237,-0.8865,5.9172,-2.7424,34.4453,5.2122,0.499,1
PbH2AsO3+,NA,PbH2AsO3+,aq,MA07,MA10,12.Sep.07,-153138,-174063,42.8,24.7,16.5,3.9918,1.9667,4.6922,-2.8603,19.6811,2.0039,-0.1047,1
AlH2AsO3+2,NA,AlH2AsO3+2,aq,MA07,MA10,12.Sep.07,-266611,-309612,-55.5,25.5,-15.6,0.2882,-7.0795,8.5761,-2.4864,38.8545,2.1567,1.929,2
FeH2AsO3+2,NA,FeH2AsO3+2,aq,MA07,MA10,12.Sep.07,-154392,-192413,-39.1,56.8,-7.3,1.3321,-4.5295,7.4813,-2.5918,54.8314,8.5274,1.6797,2
methyldiethanolamine,MDEA,CH3N(C2H4OH)2,aq,HPT06,NA,13.Sep.07,NA,NA,NA,92,109.92,40.2008,-35.0358,-89.7466,21.5514,89.579,-2.1991,-0.9332,0
"methyldiethanolammonium chloride",MDEAHCl,CH3NH(C2H4OH)2Cl,aq,HPT06,NA,13.Sep.07,NA,NA,NA,46.44,123.32,40.9178,-23.1193,-69.1683,14.354,71.773,-8.2522,0.8758,0
phenol,NA,C6H5OH,aq,CSM+07,NA,12.Sep.07,-12141,-36305,45.41,77.2,86,1.7544,11.5124,129.682,-7.6076,73.5827,1.4115,-0.0878,0
o-cresol,NA,C6H4OHCH3,aq,CSM+07,NA,12.Sep.07,-12022,-44766,49.24,97.04,102.3,2.0781,13.9687,154.744,-9.3217,92.2921,1.8701,-0.1029,0
m-cresol,NA,C6H4OHCH3,aq,CSM+07,NA,12.Sep.07,-13838,-45650,52.37,90.58,101.5,2.07,13.6458,153.824,-9.1766,86.6946,1.4988,-0.0907,0
p-cresol,NA,C6H4OHCH3,aq,CSM+07,NA,12.Sep.07,-11735,-43977,50.91,90.58,101.5,2.07,13.6458,153.824,-9.1766,86.6946,1.4988,-0.0907,0
aniline,NA,C6H7N,aq,CSM+07,NA,12.Sep.07,-5282,-33915,44.41,82.7,89.7,1.8201,12.3504,135.065,-8.0681,77.7725,2.0507,-0.109,0
o-toluidine,NA,C7H9N,aq,CSM+07,NA,12.Sep.07,36544,-280,49.55,95.12,105.3,2.1334,14.5423,159.23,-9.6804,89.902,2.138,-0.112,0
m-toluidine,NA,C7H9N,aq,CSM+07,NA,12.Sep.07,36018,-710,49.86,95.12,105.4,2.1334,14.5423,159.23,-9.6804,89.902,2.138,-0.112,0
p-toluidine,NA,C7H9N,aq,CSM+07,NA,12.Sep.07,36568,-543,48.59,95.36,105.3,2.1335,14.5411,159.233,-9.68,89.142,2.1359,-0.112,0
o-dihydroxybenzene,NA,C6H6O2,aq,CSM+07,NA,12.Sep.07,-53466,-84034,48.42,77.2,87,1.8628,9.4261,135.404,-7.2189,83.7333,-3.1154,0.0332,0
m-dihydroxybenzene,NA,C6H6O2,aq,CSM+07,NA,12.Sep.07,-54947,-84704,51.17,65.97,89.2,1.9099,9.6644,138.803,-7.3967,72.5,-3.1154,0.0332,0
p-dihydroxybenzene,NA,C6H6O2,aq,CSM+07,NA,12.Sep.07,-51769,-81549,51.08,65.97,89.2,1.9099,9.6644,138.803,-7.3967,72.5,-3.1154,0.0332,0
o-diaminobenzene,NA,C6H8N2,aq,CSM+07,NA,12.Sep.07,56238,29995,90.94,92.26,93.9,1.9834,10.8492,144.909,-7.9508,96.3289,-1.8372,0.0342,0
m-diaminobenzene,NA,C6H8N2,aq,CSM+07,NA,12.Sep.07,56238,29995,90.94,75.76,96.9,2.0467,11.1955,149.555,-8.2091,79.8375,-1.8372,0.0342,0
p-diaminobenzene,NA,C6H8N2,aq,CSM+07,NA,12.Sep.07,56238,29995,90.94,75.76,96.9,2.0467,11.1955,149.555,-8.2091,79.8375,-1.8372,0.0342,0
aminophenols,NA,C6H7NO,aq,CSM+07,NA,12.Sep.07,5712,-17734,86.33,70.27,93,1.9788,10.4161,144.173,-7.7925,75.4541,-2.4763,0.1868,0
"pyruvic acid",NA,CH3COCOOH,aq,DS09,NA,30.Jun.10,-116898,NA,43,27.39,54.6,9.3442,13.7309,0.5923,-3.348,5.8903,9.1799,-0.3088,0
pyruvate,NA,CH3COCOO-,aq,DS09,NA,30.Jun.10,-113504,NA,40.99,-12.62,41.5,7.7918,10.0868,4.2106,-3.1973,5.3246,-4.261,0.1009,-1
"oxaloacetic acid",NA,C4H4O5,aq,DS09,NA,30.Jun.10,-200359,NA,68.71,25.98,72.4,11.7108,17.158,5.9003,-3.4896,6.5026,9.0247,-0.1247,0
H-oxaloacetate,NA,C4H3O5-,aq,DS09,NA,30.Jun.10,-196869,NA,55.71,-18.57,60.3,10.288,15.9467,2.5031,-3.4396,-2.5335,-4.3332,0.7902,-1
oxaloacetate-2,NA,C4H2O5-2,aq,DS09,NA,30.Jun.10,-190894,NA,25.79,-78.42,46.7,9.1083,13.1771,3.3102,-3.3251,-42.12,-5.0583,2.7237,-2
"malic acid",NA,C4H6O5,aq,DS09,NA,30.Jun.10,-213098,NA,67.83,54.42,82.8,13.1508,20.272,5.1675,-3.6184,28.0217,12.1772,-0.1801,0
H-malate,NA,C4H5O5-,aq,DS09,NA,30.Jun.10,-208509,NA,54.42,9.85,69.4,11.5282,18.858,1.6549,-3.5599,25.3824,-3.9885,0.8233,-1
malate-2,NA,C4H4O5-2,aq,DS09,NA,30.Jun.10,-201506,NA,30.31,-49.98,55.7,10.3188,16.0191,2.4821,-3.4426,-15.0136,-4.7137,2.7969,-2
"fumaric acid",NA,C4H4O4,aq,DS09,NA,30.Jun.10,-154350,NA,62.4,36.97,78.8,12.6212,21.4233,9.5284,-3.666,14.0502,10.2418,-0.2286,0
H-fumarate,NA,C4H3O4-,aq,DS09,NA,30.Jun.10,-150120,NA,48.59,-7.6,65.4,11.012,17.646,2.0079,-3.5098,9.1659,-4.2001,0.8937,-1
fumarate-2,NA,C4H2O4-2,aq,DS09,NA,30.Jun.10,-143858,NA,25.19,-67.42,51.7,9.7988,14.7985,2.8377,-3.3921,-31.3293,-4.9252,2.8324,-2
"a-ketoglutaric acid",NA,C5H6O5,aq,DS09,NA,30.Jun.10,-201315,NA,75.31,41.44,89,13.963,22.0282,5.7667,-3.691,18.8537,10.7384,-0.0839,0
H-a-ketoglutarate,NA,C5H5O5-,aq,DS09,NA,30.Jun.10,-198231,NA,58.2,-3.13,75.6,12.3535,20.7952,1.0903,-3.64,12.1953,-4.1458,0.6982,-1
a-ketoglutarate-2,NA,C5H4O5-2,aq,DS09,NA,30.Jun.10,-191683,NA,32.5,-62.95,61.9,11.1522,17.9751,1.912,-3.5234,-27.9773,-4.8709,2.6719,-2
"citric acid",NA,C6H8O7,aq,DS09,NA,30.Jun.10,-297180,NA,78.73,77.08,113.6,17.3131,29.2727,9.5366,-3.9905,46.7151,14.6883,-0.0558,0
H2-citrate,NA,C6H7O7-,aq,DS09,NA,30.Jun.10,-293093,NA,68.4,44.91,98.1,15.3786,27.8965,-0.979,-3.9336,57.6138,-3.5638,0.5938,-1
H-citrate-2,NA,C6H6O7-2,aq,DS09,NA,30.Jun.10,-286616,NA,48.35,0.2,88.5,14.7041,26.3129,-0.5174,-3.8681,31.407,-4.1055,2.4817,-2
citrate-3,NA,C6H5O7-3,aq,DS09,NA,30.Jun.10,-277892,NA,22.01,-60.9,72,13.1248,22.6059,0.5629,-3.7148,-9.7775,-4.8461,4.4801,-3
"succinyl thioester",NA,C6H10O3S,aq,DS09,NA,30.Jun.10,-118690,NA,94.29,51.65,140.5,20.9773,37.1962,27.6083,-4.318,27.2302,11.8701,-0.0331,0
"succinyl thioester-1",NA,C6H9O3S-,aq,DS09,NA,30.Jun.10,-112070,NA,69.79,18.64,133.7,20.2297,39.2837,-4.2971,-4.4043,31.8088,-3.882,0.4476,-1
"acetyl thioester",NA,C4H8OS,aq,DS09,NA,30.Jun.10,-33485,NA,95.63,61.07,107.3,16.5664,24.6312,8.8162,-3.7986,40.8944,8.1836,-0.3839,0
methionine,Met,C5H11NO2S,aq,AH97b,DLH06,25.Aug.06,-120120,-178520,62.36,70.7,105.4,24.95,6.9,13.59,-7.77,85.3,-6.6,0.13,0
[Met],NA,C3H7S,aq,DLH06,NA,25.Aug.06,-35245,-59310,40.38,72.739,71.832,15.48,8.76,10.82,-6,63.7,4,-0.1,0
LiCrO4-,NA,LiCrO4-,aq,AML10,NA,03.Jul.10,-246189,-276987,23.021,-1.86,25.17,5.6394,5.9909,2.9644,-3.0267,16.8298,-3.4143,1.2728,-1
NaCrO4-,NA,NaCrO4-,aq,AML10,NA,03.Jul.10,-239025,-266828,38.364,-3.93,24.95,5.5308,5.7256,3.0783,-3.0157,13.4846,-3.8343,1.0404,-1
KCrO4-,NA,KCrO4-,aq,AML10,NA,03.Jul.10,-243870,-269706,48.161,-16.63,33.98,6.7157,8.6197,1.8358,-3.1354,4.6973,-6.4214,0.8921,-1
NH4CrO4-,NA,NH4CrO4-,aq,AML10,NA,03.Jul.10,-195220,-241227,50.414,1.05,43.22,7.9692,11.6814,0.5212,-3.2619,14.7104,-2.8209,0.858,-1
BeCrO4,NA,BeCrO4,aq,AML10,NA,03.Jul.10,-268795,-304575,-14.001,-27.06,7.24,2.7431,-1.0832,6.0017,-2.7343,-9.9664,-8.5462,-0.038,0
MgCrO4,NA,MgCrO4,aq,AML10,NA,03.Jul.10,-286677,-324405,-14.995,-26.44,6.66,2.6638,-1.277,6.0849,-2.7263,-9.6061,-8.4206,-0.038,0
CaCrO4,NA,CaCrO4,aq,AML10,NA,03.Jul.10,-310665,-342487,6.948,-30.19,10.48,3.1862,-0.0009,5.537,-2.779,-11.7978,-9.1847,-0.038,0
SrCrO4,NA,SrCrO4,aq,AML10,NA,03.Jul.10,-313068,-343782,13.152,-32.76,10.36,3.1693,-0.0424,5.5548,-2.7773,-13.2959,-9.707,-0.038,0
BaCrO4,NA,BaCrO4,aq,AML10,NA,03.Jul.10,-312583,-340842,24.015,-35.77,14.65,3.7566,1.3921,4.9389,-2.8366,-15.0586,-10.3215,-0.038,0
RaCrO4,NA,RaCrO4,aq,AML10,NA,03.Jul.10,-313122,-338458,35.729,-38.45,14.92,3.7932,1.4816,4.9005,-2.8403,-16.6254,-10.8678,-0.038,0
MnCrO4,NA,MnCrO4,aq,AML10,NA,03.Jul.10,-233415,-265560,3.57,-24.78,10.63,3.2071,0.0501,5.5151,-2.7811,-8.6346,-8.0819,-0.038,0
FeCrO4,NA,FeCrO4,aq,AML10,NA,03.Jul.10,-200157,-234966,-6.486,-29.87,6.08,2.5844,-1.4709,6.1681,-2.7182,-11.6116,-9.1198,-0.038,0
CoCrO4,NA,CoCrO4,aq,AML10,NA,03.Jul.10,-191358,-226919,-8.365,-29.74,3.14,2.1815,-2.4551,6.5907,-2.6776,-11.5332,-9.0925,-0.038,0
NiCrO4,NA,NiCrO4,aq,AML10,NA,03.Jul.10,-189183,-225989,-12.564,-34.97,0.01,1.7541,-3.4989,7.0388,-2.6344,-14.5885,-10.1577,-0.038,0
CuCrO4,NA,CuCrO4,aq,AML10,NA,03.Jul.10,-162642,-197176,-4.165,-26.92,3.94,2.2914,-2.1867,6.4754,-2.6886,-9.8881,-8.5189,-0.038,0
ZnCrO4,NA,ZnCrO4,aq,AML10,NA,03.Jul.10,-213547,-249673,-7.481,-26.43,4.21,2.328,-2.0972,6.437,-2.6923,-9.5982,-8.4179,-0.038,0
RuCrO4,NA,RuCrO4,aq,AML10,NA,03.Jul.10,-142476,-177806,-7.923,-30.81,4.03,2.3036,-2.1568,6.4626,-2.6899,-12.16,-9.311,-0.038,0
CdCrO4,NA,CdCrO4,aq,AML10,NA,03.Jul.10,-196911,-230863,2.244,-23.97,11.97,3.3903,0.4974,5.323,-2.7996,-8.1646,-7.9181,-0.038,0
PbCrO4,NA,PbCrO4,aq,AML10,NA,03.Jul.10,-184568,-212329,26.114,-36.31,11.97,3.3903,0.4974,5.323,-2.7996,-15.3719,-10.4308,-0.038,0
LaCrO4+,NA,LaCrO4+,aq,AML10,NA,03.Jul.10,-344130,-385189,-35.992,-69.16,-8.55,0.9628,-5.4316,7.8686,-2.5545,-24.183,-17.1222,1.089,1
CeCrO4+,NA,CeCrO4+,aq,AML10,NA,03.Jul.10,-341688,-382654,-32.677,-83.24,-13.46,0.2743,-7.1134,8.5907,-2.485,-32.8713,-19.99,1.0388,1
PrCrO4+,NA,PrCrO4+,aq,AML10,NA,03.Jul.10,-342693,-384306,-33.782,-73.32,-12.3,0.4387,-6.7119,8.4183,-2.5016,-26.9199,-17.9689,1.0555,1
NdCrO4+,NA,NdCrO4+,aq,AML10,NA,03.Jul.10,-340676,-381922,-33.229,-77.2,-12.57,0.3992,-6.8082,8.4597,-2.4976,-29.2689,-18.761,1.0471,1
SmCrO4+,NA,SmCrO4+,aq,AML10,NA,03.Jul.10,-339211,-380739,-34.556,-77.34,-11.59,0.5403,-6.4636,8.3117,-2.5118,-29.1623,-18.7883,1.0672,1
EuCrO4+,NA,EuCrO4+,aq,AML10,NA,03.Jul.10,-317448,-360327,-37.097,-68.35,-10.96,0.6388,-6.2231,8.2084,-2.5218,-23.5588,-16.9584,1.1057,1
GdCrO4+,NA,GdCrO4+,aq,AML10,NA,03.Jul.10,-338700,-379660,-32.898,-67.42,-10.16,0.7272,-6.0071,8.1157,-2.5307,-23.5963,-16.7672,1.0421,1
TbCrO4+,NA,TbCrO4+,aq,AML10,NA,03.Jul.10,-339506,-382393,-38.202,-67.28,-10.6,0.6933,-6.09,8.1513,-2.5273,-22.7779,-16.7399,1.1224,1
DyCrO4+,NA,DyCrO4+,aq,AML10,NA,03.Jul.10,-338743,-382138,-39.529,-61.78,-10.43,0.7245,-6.0137,8.1186,-2.5304,-19.381,-15.6201,1.1425,1
HoCrO4+,NA,HoCrO4+,aq,AML10,NA,03.Jul.10,-341359,-384467,-38.534,-63.93,-11.23,0.6095,-6.2946,8.2391,-2.5188,-20.7732,-16.0571,1.1274,1
ErCrO4+,NA,ErCrO4+,aq,AML10,NA,03.Jul.10,-339868,-384163,-42.954,-65.27,-12.48,0.4612,-6.6568,8.3947,-2.5039,-20.9399,-16.3302,1.1944,1
TmCrO4+,NA,TmCrO4+,aq,AML10,NA,03.Jul.10,-339708,-383997,-42.733,-65.27,-12.48,0.4601,-6.6596,8.3959,-2.5037,-20.9708,-16.3302,1.191,1
YbCrO4+,NA,YbCrO4+,aq,AML10,NA,03.Jul.10,-332935,-375817,-41.407,-68.09,-13.82,0.2701,-7.1235,8.595,-2.4846,-22.8009,-16.9037,1.1709,1
LuCrO4+,NA,LuCrO4+,aq,AML10,NA,03.Jul.10,-339338,-383631,-48.259,-62.19,-14.26,0.2441,-7.187,8.6223,-2.4819,-18.3981,-15.702,1.2747,1
AlCrO4+,NA,AlCrO4+,aq,AML10,NA,03.Jul.10,-300277,-329255,-2.31,-22.05,-0.42,1.9032,-3.1348,6.8825,-2.6495,-1.3566,-7.5261,0.5789,1
GaCrO4+,NA,GaCrO4+,aq,AML10,NA,03.Jul.10,-221635,-251972,-3.871,-4.38,3.45,2.4412,-1.8206,6.3182,-2.7038,9.1844,-3.9271,0.6026,1
InCrO4+,NA,InCrO4+,aq,AML10,NA,03.Jul.10,-207404,-233224,15.343,27.72,8.42,3.0225,-0.4009,5.7087,-2.7625,25.2579,2.6111,0.3116,1
ScCrO4+,NA,ScCrO4+,aq,AML10,NA,03.Jul.10,-325568,-349019,17.745,33.02,9.41,3.1461,-0.099,5.5791,-2.775,28.0199,3.6908,0.2753,1
VCrO4+,NA,VCrO4+,aq,AML10,NA,03.Jul.10,-242299,-263194,24.951,48.92,12.39,3.517,0.8068,5.1902,-2.8124,36.3056,6.9299,0.1662,1
FeCrO4+,NA,FeCrO4+,aq,AML10,NA,03.Jul.10,-189696,-214281,12.187,17.42,7.15,2.8649,-0.7859,5.874,-2.7466,19.6809,0.5132,0.3594,1
YCrO4+,NA,YCrO4+,aq,AML10,NA,03.Jul.10,-348302,-372092,18.946,35.67,9.91,3.2079,0.052,5.5143,-2.7812,29.4008,4.2306,0.2571,1
ZrCrO4+2,NA,ZrCrO4+2,aq,AML10,NA,03.Jul.10,-318046,-354803,-41.459,64.52,-10.25,0.758,-5.9319,8.0834,-2.5338,54.6888,10.109,1.1717,1
RuCrO4+2,NA,RuCrO4+2,aq,AML10,NA,03.Jul.10,-141077,-167607,5.976,6.81,4.55,2.5404,-1.5785,6.2143,-2.7138,14.3488,-1.6477,0.4535,2
ThCrO4+2,NA,ThCrO4+2,aq,AML10,NA,03.Jul.10,-355180,-388722,-27.615,85.52,-8.88,1.059,-5.1967,7.7678,-2.5642,70.0375,14.3862,1.5061,2
NpCrO4+2,NA,NpCrO4+2,aq,AML10,NA,03.Jul.10,-308402,-340807,-24.124,69.28,-8.1,1.1484,-4.9783,7.674,-2.5732,60.0623,11.0783,1.4532,2
AmCrO4+2,NA,AmCrO4+2,aq,AML10,NA,03.Jul.10,-327893,-348491,32.276,-31.77,3.75,2.297,-2.1728,6.4695,-2.6892,-11.8592,-9.5056,0.0552,2
CdCl+,NA,CdCl+,aq,BZA10,NA,03.Jul.10,-52629,NA,7.06,11.12,2.2,2.2303,-2.3357,6.6681,-2.6824,16.6723,-0.7693,0.4372,1
CdCl2,NA,CdCl2,aq,BZA10,NA,03.Jul.10,-84883,NA,25.72,116.01,42.21,7.5221,10.5852,1.5895,-3.2166,73.7023,20.5956,-0.0495,0
CdCl3-,NA,CdCl3-,aq,BZA10,NA,03.Jul.10,-115399,NA,45.15,97.78,63.47,10.8045,18.5994,-1.5605,-3.5479,72.0244,16.8832,0.9378,-1
CdCl4-2,NA,CdCl4-2,aq,BZA10,NA,03.Jul.10,-145583,NA,50.61,42.52,81.35,13.8329,25.9938,-4.4669,-3.8536,53.6766,5.6267,2.4766,-2
LaF+2,NA,LaF+2,aq,MWW09,NA,03.Jul.10,-236290,NA,-28.9,38.62,-36.67,-2.6763,-14.316,11.377,-2.1872,42.7211,4.8321,1.5259,2
CeF+2,NA,CeF+2,aq,MWW09,NA,03.Jul.10,-234190,NA,-24.92,25.38,-42.85,-3.5448,-16.4364,12.2104,-2.0995,34.4101,2.1345,1.4656,2
PrF+2,NA,PrF+2,aq,MWW09,NA,03.Jul.10,-235200,NA,-25.4,21.48,-40.63,-3.2382,-15.6879,11.9162,-2.1305,32.1968,1.3417,1.473,2
NdF+2,NA,NdF+2,aq,MWW09,NA,03.Jul.10,-233150,NA,-26.48,24.73,-41.72,-3.3812,-16.0371,12.0534,-2.116,34.2449,2.0023,1.4892,2
SmF+2,NA,SmF+2,aq,MWW09,NA,03.Jul.10,-232090,NA,-27.08,-5.4,-40.5,-3.2108,-15.621,11.8899,-2.1332,16.6719,-4.1344,1.4983,2
EuF+2,NA,EuF+2,aq,MWW09,NA,03.Jul.10,-210450,NA,-28.85,-11.08,-39.73,-3.0953,-15.339,11.7791,-2.1449,13.5854,-5.2922,1.5251,2
GdF+2,NA,GdF+2,aq,MWW09,NA,03.Jul.10,-231710,NA,-25.91,-11.83,-38.73,-2.9753,-15.046,11.6639,-2.157,12.7413,-5.4446,1.4806,2
TbF+2,NA,TbF+2,aq,MWW09,NA,03.Jul.10,-232790,NA,-30.21,-21.45,-38.53,-2.9233,-14.919,11.614,-2.1622,7.7005,-7.4034,1.5458,2
DyF+2,NA,DyF+2,aq,MWW09,NA,03.Jul.10,-232030,NA,-29.52,-27.14,-39.08,-3.0025,-15.1125,11.69,-2.1543,4.2664,-8.5636,1.5353,2
HoF+2,NA,HoF+2,aq,MWW09,NA,03.Jul.10,-234580,NA,-28.53,-22.87,-40.09,-3.1464,-15.4638,11.8281,-2.1397,6.6315,-7.6938,1.5203,2
ErF+2,NA,ErF+2,aq,MWW09,NA,03.Jul.10,-233060,NA,-32.54,-26.35,-41.66,-3.3383,-15.9323,12.0123,-2.1204,5.1506,-8.4013,1.581,2
TmF+2,NA,TmF+2,aq,MWW09,NA,03.Jul.10,-233080,NA,-31.84,-30.14,-41.66,-3.3423,-15.942,12.0161,-2.12,2.8337,-9.1731,1.5705,2
YbF+2,NA,YbF+2,aq,MWW09,NA,03.Jul.10,-226300,NA,-30.41,-36.41,-43.34,-3.5804,-16.5233,12.2446,-2.0959,-1.0405,-10.4509,1.5488,2
LuF+2,NA,LuF+2,aq,MWW09,NA,03.Jul.10,-232530,NA,-36.16,-32.88,-43.9,-3.6241,-16.6301,12.2865,-2.0915,1.8202,-9.7329,1.6359,2
LaCl+2,NA,LaCl+2,aq,MWW09,NA,03.Jul.10,-196390,NA,-47.06,94.49,-17.46,0.0563,-7.6438,8.7545,-2.463,77.9764,16.2138,1.8009,2
CeCl+2,NA,CeCl+2,aq,MWW09,NA,03.Jul.10,-193910,NA,-46.15,111.04,-23.65,-0.796,-9.7248,9.5724,-2.377,87.5448,19.5834,1.7871,2
PrCl+2,NA,PrCl+2,aq,MWW09,NA,03.Jul.10,-194950,NA,-54.19,148.14,-21.42,-0.4448,-8.8673,9.2354,-2.4124,110.4007,27.1413,1.9089,2
NdCl+2,NA,NdCl+2,aq,MWW09,NA,03.Jul.10,-192950,NA,-51.92,122.49,-22.51,-0.607,-9.2633,9.391,-2.3961,95.0531,21.916,1.8745,2
SmCl+2,NA,SmCl+2,aq,MWW09,NA,03.Jul.10,-191390,NA,-44.42,76.88,-21.3,-0.4843,-8.9637,9.2732,-2.4084,67.2886,12.6257,1.761,2
EuCl+2,NA,EuCl+2,aq,MWW09,NA,03.Jul.10,-169620,NA,-42.31,55.98,-20.52,-0.3896,-8.7326,9.1824,-2.418,54.746,8.3675,1.729,2
GdCl+2,NA,GdCl+2,aq,MWW09,NA,03.Jul.10,-190950,NA,-34.69,31.25,-19.52,-0.2964,-8.505,9.0929,-2.4274,39.2045,3.3318,1.6136,2
TbCl+2,NA,TbCl+2,aq,MWW09,NA,03.Jul.10,-191790,NA,-38.16,26.39,-19.33,-0.2506,-8.3931,9.0489,-2.432,36.8323,2.3408,1.6661,2
DyCl+2,NA,DyCl+2,aq,MWW09,NA,03.Jul.10,-191030,NA,-40.82,34.88,-19.88,-0.3106,-8.5396,9.1065,-2.426,42.1744,4.0696,1.7064,2
HoCl+2,NA,HoCl+2,aq,MWW09,NA,03.Jul.10,-193750,NA,-41.14,43.23,-20.88,-0.4456,-8.8692,9.2361,-2.4123,47.1123,5.7705,1.7113,2
ErCl+2,NA,ErCl+2,aq,MWW09,NA,03.Jul.10,-192230,NA,-41.84,29.13,-22.45,-0.6564,-9.384,9.4384,-2.3911,38.9461,2.8986,1.7219,2
TmCl+2,NA,TmCl+2,aq,MWW09,NA,03.Jul.10,-192250,NA,-42.84,14.93,-22.46,-0.652,-9.3733,9.4342,-2.3915,30.7668,0.0075,1.7371,2
YbCl+2,NA,YbCl+2,aq,MWW09,NA,03.Jul.10,-185320,NA,-38.84,-7.59,-24.13,-0.9035,-9.9872,9.6755,-2.3661,17.0158,-4.5799,1.6765,2
LuCl+2,NA,LuCl+2,aq,MWW09,NA,03.Jul.10,-191690,NA,-42.08,-32.19,-24.69,-0.9615,-10.129,9.7313,-2.3603,3.0453,-9.5913,1.7255,2
LaCl2+,NA,LaCl2+,aq,MWW09,NA,03.Jul.10,-227450,NA,-2.02,-8.19,6.83,2.9168,-0.6596,6.0093,-2.7517,6.6097,-4.7029,0.5747,1
CeCl2+,NA,CeCl2+,aq,MWW09,NA,03.Jul.10,-224990,NA,9.64,-54.21,-0.06,1.9073,-3.1244,6.9781,-2.6498,-21.9709,-14.0772,0.3982,1
PrCl2+,NA,PrCl2+,aq,MWW09,NA,03.Jul.10,-225970,NA,1.82,-22.59,2.42,2.2914,-2.1866,6.6095,-2.6886,-2.3592,-7.6362,0.5166,1
NdCl2+,NA,NdCl2+,aq,MWW09,NA,03.Jul.10,-224000,NA,-1.36,-34.48,1.21,2.144,-2.5465,6.7509,-2.6737,-8.8885,-10.0582,0.5647,1
SmCl2+,NA,SmCl2+,aq,MWW09,NA,03.Jul.10,-222430,NA,-3.21,-34.9,2.56,2.3393,-2.0696,6.5635,-2.6934,-8.8795,-10.1437,0.5927,1
EuCl2+,NA,EuCl2+,aq,MWW09,NA,03.Jul.10,-200660,NA,-10.02,-5.48,3.42,2.4959,-1.6871,6.4131,-2.7093,9.3035,-4.1509,0.6958,1
GdCl2+,NA,GdCl2+,aq,MWW09,NA,03.Jul.10,-221990,NA,-7.61,-2.41,4.53,2.634,-1.3499,6.2806,-2.7232,10.7695,-3.5255,0.6593,1
TbCl2+,NA,TbCl2+,aq,MWW09,NA,03.Jul.10,-222840,NA,-12.4,-2.81,4.75,2.6916,-1.2094,6.2254,-2.729,11.1974,-3.607,0.7319,1
DyCl2+,NA,DyCl2+,aq,MWW09,NA,03.Jul.10,-222050,NA,-17.33,16.06,4.14,2.6363,-1.3444,6.2785,-2.7234,22.9371,0.2368,0.8065,1
HoCl2+,NA,HoCl2+,aq,MWW09,NA,03.Jul.10,-224770,NA,-15.26,9.04,3.02,2.4712,-1.7476,6.4369,-2.7068,18.5365,-1.1932,0.7751,1
ErCl2+,NA,ErCl2+,aq,MWW09,NA,03.Jul.10,-223270,NA,-20.65,4.65,1.27,2.2626,-2.2569,6.6371,-2.6857,16.7094,-2.0874,0.8569,1
TmCl2+,NA,TmCl2+,aq,MWW09,NA,03.Jul.10,-223290,NA,-20.2,4.66,1.26,2.2586,-2.2666,6.6409,-2.6853,16.6521,-2.0854,0.85,1
YbCl2+,NA,YbCl2+,aq,MWW09,NA,03.Jul.10,-216360,NA,-19.22,-4.55,-0.6,1.9985,-2.9017,6.8906,-2.659,11.1191,-3.9614,0.8351,1
LuCl2+,NA,LuCl2+,aq,MWW09,NA,03.Jul.10,-222750,NA,-30.31,11.26,-1.23,1.9757,-2.9572,6.9124,-2.6567,21.9175,-0.7409,1.0031,1
arsenolite,NA,As2O3,cr,PGS+96,NA,25.Aug.06,-137640,-156930,25.67,23.15,51.12,20.9,17.73,-2.7,0,0,0,0,548
claudetite,NA,As2O3,cr,PGS+96,NA,25.Aug.06,-137730,-156600,27.09,23.19,47.26,23.86,10.74,-3.44,0,0,0,0,588
orpiment,NA,As2S3,cr,PGS+96,NA,25.Aug.06,-20550,-20700,39.1,27.53,70.5,22.73,13.82,0.605,0,0,0,0,580
arsenic,NA,As,cr,PGS+96,NA,25.Aug.06,0,0,8.39,5.89,12.96,5.23,2.22,0,0,0,0,0,1000
realgar,NA,AsS,cr,PGS+96,NA,25.Aug.06,-7930,-8380,14.67,11.37,29.8,12.94,-0.0133,1.396,0,0,0,0,540
alpha-GaOOH,NA,GaOOH,cr,BDP+97,NA,25.Aug.06,-150070,-168570,12.34,14.53,19.7,13,15.34,-2.7,0,0,0,0,1000
Y(OH)3,Na,Y(OH)3,cr,DRT98,NA,28.Aug.06,-319909.177820268,-351888.145315488,23.711759082218,NA,NA,41.7304732313575,3.02629063097514,2.4564350954326,0,0,-5720.83057528681,-1,1000
La(OH)3,Na,La(OH)3,cr,DRT98,NA,28.Aug.06,-306912.045889101,-338456.022944551,28.1572657743786,NA,NA,41.7304732313575,2.7093690248566,1.9034312102653,0,0,-4958.4148293499,-1,1000
Pr(OH)3,Na,Pr(OH)3,cr,DRT98,NA,28.Aug.06,-306142.447418738,-337906.309751434,31.4770554493308,NA,NA,41.7304732313575,2.31285850860421,2.05222955866635,0,0,-4947.14760157744,-1,1000
Nd(OH)3,Na,Nd(OH)3,cr,DRT98,NA,28.Aug.06,-306644.359464627,-338336.520076482,31.0396749521989,NA,NA,41.7304732313575,2.58747609942639,2.35070259540631,0,0,-5076.92937332696,-1,1000
Eu(OH)3,Na,Eu(OH)3,cr,DRT98,NA,28.Aug.06,-282170.17208413,-315272.466539197,28.6520076481836,NA,NA,41.7304732313575,6.51816443594646,1.89251451846797,0,0,-4913.34591826004,-1,1000
Gd(OH)3,Na,Gd(OH)3,cr,DRT98,NA,28.Aug.06,-305019.120458891,-336735.181644359,30.2652963671128,NA,NA,41.7304732313575,3.42758126195029,2.31271117257648,0,0,-5479.21113527725,-1,1000
Tb(OH)3,Na,Tb(OH)3,cr,DRT98,NA,28.Aug.06,-306190.248565966,-338934.034416826,30.6811663479924,NA,NA,41.7304732313575,2.93690248565966,2.71791406765296,0,0,-5487.55722992352,-1,1000
Ho(OH)3,Na,Ho(OH)3,cr,DRT98,NA,28.Aug.06,-310086.04206501,-342041.108986616,31.0803059273423,NA,NA,41.7304732313575,5.0901051625239,2.7441291509369,0,0,-5631.5273625717,-1,1000
GeO2(hex),NA,GeO2,cr,PS98,NA,25.Aug.06,-119700,-132600,13.21,12.45,24.44,14.623,3.296,-2.805,0,0,0,0,1000
GeO2(tetr),NA,GeO2,cr,PS98,NA,25.Aug.06,-124600,-138700,9.49,11.99,17.42,16.457,2.178,-4.549,0,0,0,0,1000
ilmenite,NA,FeTiO3,cr,Ste01,NA,31.Aug.06,-276171.128107075,-294455.066921606,26.027724665392,23.78,31.69,62.7868068833652,-19.118068833652,0.914674952198853,-606.5965583174,0.809751434034417,0,0,1000
ulvospinel,NA,Fe2TiO4,cr,Ste01,NA,31.Aug.06,-334584.13001912,-357026.768642447,43.1166347992352,NA,46.82,-24.5219885277247,34.0583173996176,-21.8570745697897,1259.79923518164,0,0,0,1000
fluorapatite,NA,Ca5(PO4)3F,cr,Ste01,NA,31.Aug.06,-1551075.52581262,-1642447.41873805,92.7103250478011,89.85,157.56,180.282026768642,-7.23231357552581,-2.17112810707457,-1482.07456978967,0,0,0,1000
hydroxyapatite,NA,Ca5(PO4)3OH,cr,Ste01,NA,31.Aug.06,-1514603.25047801,-1610540.15296367,93.3078393881453,92.04,159.6,92.6864244741874,28.3460803059273,-30.3537284894837,432.839388145315,0,0,0,1000
ice,"ice Ih",H2O,cr1,MVT01,NA,31.Aug.06,-56546.6061185468,-69967.9732313576,10.7005258126195,10.0401529636711,19.228,0.318833652007648,32.5047801147228,0,0,0,0,0,1000
ice,"ice II",H2O,cr2,MVT01,NA,31.Aug.06,-56299.4741873805,-69967.017208413,9.87523900573614,10.0506692160612,15.301,0.178537284894837,33.2217973231358,0,0,0,0,0,1000
ice,"ice III",H2O,cr3,MVT01,NA,31.Aug.06,-56432.8393881453,-69554.7323135755,11.7043499043977,7.43379541108987,16.484,32.3977055449331,-83.6520076481836,0,0,0,0,0,1000
ice,"ice V",H2O,cr5,MVT01,NA,31.Aug.06,-56347.7533460803,-69494.9808795411,11.6192638623327,7.42901529636711,15.488,32.3977055449331,-83.6520076481836,0,0,0,0,0,1000
ice,"ice VI",H2O,cr6,MVT01,NA,31.Aug.06,-56239.9617590822,-69423.2791586998,11.4985659655832,7.40846080305927,14.77,32.4789674952199,-84.1300191204589,0,0,0,0,0,1000
ice,"ice VII",H2O,cr7,MVT01,NA,31.Aug.06,-55703.154875717,-68981.8355640535,11.1782982791587,9.68522944550669,13.915,52.5982313575526,-143.881453154876,0,0,0,0,0,1000
ice,"ice VIII",H2O,cr8,MVT01,NA,31.Aug.06,-55684.034416826,-69241.395793499,10.2442638623327,9.68522944550669,13.914,52.5982313575526,-143.881453154876,0,0,0,0,0,1000
ice,"ice IX",H2O,cr9,MVT01,NA,31.Aug.06,-56312.8585086042,-69719.8852772466,10.748326959847,7.43379541108987,16.474,32.3977055449331,-83.6520076481836,0,0,0,0,0,1000
valentinite,NA,Sb2O3,cr,ZSA03,NA,28.Aug.06,-149600,-169300,29.43,24.29,50.01,24.841,10.2,-3.197,0,0,0,0,928
senarmontite,NA,Sb2O3,cr,ZSA03,NA,28.Aug.06,-151400,-171700,27.37,22.54,52.21,22.525,12.028,-3.179,0,0,0,0,879
stibnite,NA,Sb2S3,cr,ZSA03,NA,28.Aug.06,-35846,-36174,43.5,28.6,73.414,28.8549,3.73,-1.27,0,0,0,0,829
acantite,a-Ag2S,Ag2S,cr,TBZ+06,NA,28.Aug.06,-9488,-7648,34.1539196940727,17.9995219885277,NA,17.9995219885277,0,0,0,0,0,0,451
uytenbogaardtite,a-Ag3AuS2,Ag3AuS2,cr,TBZ+06,NA,28.Aug.06,-16585,-14149,65.3441682600382,36.5583173996176,NA,36.5583173996176,0,0,0,0,0,0,456
petrovskaite,a-AgAuS,AgAuS,cr,TBZ+06,NA,28.Aug.06,-6592,-6166,30.6166347992352,17.296845124283,NA,17.296845124283,0,0,0,0,0,0,580
Au2S,NA,Au2S,cr,TBZ+06,NA,28.Aug.06,4639,5509,33.274378585086,19.9665391969407,NA,19.2901529636711,6.90965583173996,-1.23086759082218,0,0,0,0,1000
arsenopyrite,NA,FeAsS,cr,PPB+08,NA,15.Aug.08,-32612,-34503,16.37,16.36,26.27,18.05,1.14,-1.8,0,0,0,0,900
loellingite,NA,FeAs2,cr,PPB+08,NA,15.Aug.08,-19175,-20500,19.14,16.93,27.44,18.33,0.74,-1.44,0,0,0,0,1300
westerveldite,NA,FeAs,cr,PPB+08,NA,15.Aug.08,-10363,-10399,14.94,12.04,16.64,6.68,11.11,1.82,0,0,0,0,1250
microflore,MF,C7H17O7N,cr,TSD97,NA,31.Oct.06,-774380,NA,NA,NA,NA,0,0,0,0,0,0,0,NA
plantes,PL,C34H54O25N,cr,TSD97,NA,31.Oct.06,-3419930,NA,NA,NA,NA,0,0,0,0,0,0,0,NA
"acide fulvique",AF,C30H40O24N,cr,TSD97,NA,31.Oct.06,-2901050,NA,NA,NA,NA,0,0,0,0,0,0,0,NA
"acide humique",AH,C20H24O12N,cr,TSD97,NA,31.Oct.06,-1775100,NA,NA,NA,NA,0,0,0,0,0,0,0,NA
humine,HU,C72H90O36N,cr,TSD97,NA,31.Oct.06,-6542300,NA,NA,NA,NA,0,0,0,0,0,0,0,NA
natroalunite,NA,NaAl3(SO4)2(OH)6,cr,SAJ00,NA,13.Apr.09,-1104780.1,-1226570.3,76.74,NA,NA,153.322,-1.881,-55.956,0,0,0,0,NA
jarosite,NA,KFe3(SO4)2(OH)6,cr,SAJ00,NA,13.Apr.09,-791061.2,-887930.2,92.949,NA,NA,147.44,23.599,-47.706,0,0,0,0,NA
natrojarosite,NA,NaFe3(SO4)2(OH)6,cr,SAJ00,NA,13.Apr.09,-778370,-877892,91.396,NA,NA,147.321,21.8,-48.7,0,0,0,0,NA
"hydronium jarosite",NA,(H3O)Fe3(SO4)2(OH)6,cr,MSB+04,NA,13.Apr.09,-771128.1,-901099.4,107.122,NA,NA,68.642,150.12,-7.854,0,0,0,0,400
melanterite,NA,FeSO4*7H2O,cr,PK95,NA,13.Apr.09,-599366.6,-720028.7,97.801,NA,NA,0,0,0,0,0,0,0,NA
coquimbite,NA,Fe1.47Al0.53(SO4)3(H2O)9.65,cr,MNM+06,NA,13.Apr.09,-1158126.2,-1371510.5,152.557,NA,265.32,0,0,0,0,0,0,0,NA
ferricopiapite,NA,Fe4.78(SO4)6(OH)2.34(H2O)20.71,cr,MNM+06,NA,13.Apr.09,-2411520.1,-2878848,346.367,NA,574.84,0,0,0,0,0,0,0,NA
rhomboclase,NA,(H3O)1.34Fe(SO4)2.17(H2O)3.06,cr,MNM+06,NA,13.Apr.09,-642447.4,-765081.3,90.846,NA,145.24,0,0,0,0,0,0,0,NA
goethite,NA,FeOOH,cr,MGN03,MLS+03,13.Apr.09,-117065,-134010.5,14.269,17.7724665391969,20.881,0.298,55.736,0.75,0,0,0,0,375
lepidocrocite,NA,FeOOH,cr,MGN03,MLS+03,13.Apr.09,-114746.7,-131309.8,15.559,16.5248565965583,22.395,14.283,14.465,-1.847,0,0,0,0,390
maghemite,NA,Fe2O3,cr,MGN03,MLS+03,13.Apr.09,-173972.3,-193140.5,22.228,25.0215105162524,32.779,25.526,15.557,-4.508,0,0,0,0,760
